Year,Region Name,Pounds,Dollars,Collection,Metric Tons
1950,Gulf,"570,641,100","50,357,945",Commercial,"258,841"
1950,Middle Atlantic,"873,150,700","53,973,253",Commercial,"396,059"
1950,New England,"1,006,589,500","60,576,490",Commercial,"456,586"
1950,Pacific Coast,"1,716,453,400","110,917,048",Commercial,"778,578"
1950,South Atlantic,"260,881,400","18,943,779",Commercial,"118,335"
1951,Gulf,"649,668,300","63,623,145",Commercial,"294,688"
1951,Middle Atlantic,"886,781,500","54,741,099",Commercial,"402,241"
1951,New England,"916,807,600","67,431,668",Commercial,"415,861"
1951,Pacific Coast,"1,296,517,000","100,746,805",Commercial,"588,096"
1951,South Atlantic,"310,779,300","17,965,732",Commercial,"140,969"
1952,Gulf,"759,507,100","68,220,786",Commercial,"344,510"
1952,Middle Atlantic,"878,081,800","55,790,013",Commercial,"398,295"
1952,New England,"954,562,500","67,295,992",Commercial,"432,987"
1952,Pacific Coast,"1,052,179,500","94,098,945",Commercial,"477,265"
1952,South Atlantic,"436,305,000","19,616,828",Commercial,"197,907"
1953,Gulf,"759,392,700","85,157,157",Commercial,"344,458"
1953,Middle Atlantic,"1,307,271,900","56,719,666",Commercial,"592,975"
1953,New England,"864,005,000","60,111,970",Commercial,"391,910"
1953,Pacific Coast,"987,270,600","88,061,836",Commercial,"447,823"
1953,South Atlantic,"326,544,800","20,157,158",Commercial,"148,120"
1954,Gulf,"754,699,900","72,572,237",Commercial,"342,330"
1954,Middle Atlantic,"1,360,656,500","62,599,935",Commercial,"617,190"
1954,New England,"966,440,800","57,601,534",Commercial,"438,375"
1954,Pacific Coast,"1,038,237,900","99,612,567",Commercial,"470,942"
1954,South Atlantic,"326,063,200","17,560,384",Commercial,"147,901"
1955,Gulf,"829,638,900","76,286,847",Commercial,"376,322"
1955,Middle Atlantic,"1,369,383,700","60,859,731",Commercial,"621,148"
1955,New England,"955,418,100","57,242,953",Commercial,"433,375"
1955,Pacific Coast,"1,048,165,600","83,547,465",Commercial,"475,445"
1955,South Atlantic,"346,573,700","17,274,433",Commercial,"157,205"
1956,Gulf,"899,773,800","85,377,584",Commercial,"408,135"
1956,Middle Atlantic,"1,432,143,400","63,803,500",Commercial,"649,616"
1956,New England,"1,015,245,500","59,272,509",Commercial,"460,512"
1956,Pacific Coast,"1,095,837,900","88,230,212",Commercial,"497,069"
1956,South Atlantic,"443,944,800","19,920,812",Commercial,"201,372"
1957,Gulf,"691,932,900","84,363,714",Commercial,"313,859"
1957,Middle Atlantic,"1,376,945,200","61,351,557",Commercial,"624,578"
1957,New England,"1,030,884,100","60,809,755",Commercial,"467,606"
1957,Pacific Coast,"1,005,939,600","78,808,685",Commercial,"456,291"
1957,South Atlantic,"335,187,700","20,649,018",Commercial,"152,040"
1958,Gulf,"808,836,600","86,539,158",Commercial,"366,886"
1958,Middle Atlantic,"1,129,270,740","59,965,076",Commercial,"512,234"
1958,New England,"997,747,600","65,480,052",Commercial,"452,575"
1958,Pacific Coast,"1,123,528,900","92,750,509",Commercial,"509,629"
1958,South Atlantic,"375,655,100","20,077,785",Commercial,"170,396"
1959,Gulf,"1,154,950,700","77,639,851",Commercial,"523,882"
1959,Middle Atlantic,"1,350,284,200","61,299,701",Commercial,"612,485"
1959,New England,"933,206,400","66,236,498",Commercial,"423,300"
1959,Pacific Coast,"905,599,900","77,837,512",Commercial,"410,777"
1959,South Atlantic,"468,712,300","18,870,951",Commercial,"212,607"
1960,Gulf,"1,265,950,869","85,458,319",Commercial,"574,232"
1960,Middle Atlantic,"1,220,233,800","56,721,631",Commercial,"553,494"
1960,New England,"851,965,100","61,475,975",Commercial,"386,449"
1960,Pacific Coast,"939,349,020","74,637,065",Commercial,"426,086"
1960,South Atlantic,"378,879,500","20,229,696",Commercial,"171,859"
1961,Gulf,"1,377,111,300","75,520,083",Commercial,"624,654"
1961,Middle Atlantic,"1,304,245,600","61,186,719",Commercial,"591,602"
1961,New England,"760,292,300","60,860,267",Commercial,"344,866"
1961,Pacific Coast,"1,024,082,500","85,252,263",Commercial,"464,521"
1961,South Atlantic,"402,245,600","19,935,936",Commercial,"182,457"
1962,Gulf,"1,438,279,415","96,924,492",Commercial,"652,399"
1962,Middle Atlantic,"1,464,981,600","58,819,321",Commercial,"664,511"
1962,New England,"871,681,800","65,774,625",Commercial,"395,392"
1962,Pacific Coast,"974,142,700","85,877,354",Commercial,"441,868"
1962,South Atlantic,"305,415,700","23,461,626",Commercial,"138,536"
1963,Gulf,"1,404,021,480","101,142,296",Commercial,"636,860"
1963,Middle Atlantic,"980,672,100","51,148,061",Commercial,"444,830"
1963,New England,"828,889,000","68,289,224",Commercial,"375,982"
1963,Pacific Coast,"964,716,400","81,966,582",Commercial,"437,592"
1963,South Atlantic,"370,716,800","19,467,844",Commercial,"168,156"
1964,Gulf,"1,331,326,072","104,463,698",Commercial,"603,886"
1964,Middle Atlantic,"906,818,900","56,845,406",Commercial,"411,330"
1964,New England,"681,856,290","67,595,000",Commercial,"309,288"
1964,Pacific Coast,"909,751,600","76,979,017",Commercial,"412,661"
1964,South Atlantic,"335,831,900","20,602,150",Commercial,"152,332"
1965,Gulf,"1,462,764,662","113,348,529",Commercial,"663,506"
1965,Middle Atlantic,"947,485,000","64,870,200",Commercial,"429,776"
1965,New England,"702,181,676","74,837,045",Commercial,"318,508"
1965,Pacific Coast,"921,823,000","81,987,863",Commercial,"418,136"
1965,South Atlantic,"356,651,900","26,789,609",Commercial,"161,776"
1966,Gulf,"1,194,940,297","122,178,041",Commercial,"542,021"
1966,Middle Atlantic,"669,601,300","56,814,003",Commercial,"303,729"
1966,New England,"684,374,800","78,247,363",Commercial,"310,430"
1966,Pacific Coast,"908,335,600","90,892,120",Commercial,"412,018"
1966,South Atlantic,"367,776,100","27,068,252",Commercial,"166,822"
1967,Gulf,"1,176,279,474","125,957,769",Commercial,"533,557"
1967,Middle Atlantic,"584,379,600","59,006,151",Commercial,"265,073"
1967,New England,"625,340,000","70,256,504",Commercial,"283,652"
1967,Pacific Coast,"1,034,146,100","96,477,291",Commercial,"469,086"
1967,South Atlantic,"353,344,000","25,025,103",Commercial,"160,276"
1968,Gulf,"1,288,819,496","138,608,413",Commercial,"584,605"
1968,Middle Atlantic,"624,388,500","61,723,194",Commercial,"283,221"
1968,New England,"634,749,000","75,656,127",Commercial,"287,920"
1968,Pacific Coast,"937,167,800","95,415,144",Commercial,"425,097"
1968,South Atlantic,"339,440,500","32,942,043",Commercial,"153,969"
1969,Gulf,"1,614,144,090","152,281,695",Commercial,"732,171"
1969,Middle Atlantic,"491,946,200","61,648,866",Commercial,"223,145"
1969,New England,"568,257,700","80,577,001",Commercial,"257,760"
1969,Pacific Coast,"1,072,362,100","110,985,034",Commercial,"486,420"
1969,South Atlantic,"318,708,900","36,358,046",Commercial,"144,565"
1970,Gulf,"1,622,605,345","164,769,363",Commercial,"736,009"
1970,Middle Atlantic,"770,440,700","70,457,999",Commercial,"349,470"
1970,New England,"531,271,500","91,031,805",Commercial,"240,983"
1970,Pacific Coast,"1,187,882,100","142,721,587",Commercial,"538,820"
1970,South Atlantic,"280,365,735","29,841,086",Commercial,"127,173"
1971,Great Lakes,"869,468","247,391",Commercial,394
1971,Gulf,"2,096,180,983","199,047,842",Commercial,"950,821"
1971,Middle Atlantic,"728,442,300","73,906,617",Commercial,"330,419"
1971,New England,"513,523,700","94,644,224",Commercial,"232,933"
1971,Pacific Coast,"1,106,423,720","140,184,309",Commercial,"501,871"
1971,South Atlantic,"258,053,456","41,693,162",Commercial,"117,052"
1972,Great Lakes,"790,799","235,427",Commercial,359
1972,Gulf,"1,587,892,600","224,450,815",Commercial,"720,263"
1972,Middle Atlantic,"976,232,300","85,002,350",Commercial,"442,816"
1972,New England,"489,254,400","106,638,658",Commercial,"221,924"
1972,Pacific Coast,"1,190,574,400","166,435,429",Commercial,"540,041"
1972,South Atlantic,"286,323,000","44,874,601",Commercial,"129,875"
1973,Great Lakes,"871,686","287,012",Commercial,395
1973,Gulf,"1,543,735,300","266,634,944",Commercial,"700,234"
1973,Middle Atlantic,"957,923,400","104,886,369",Commercial,"434,511"
1973,New England,"518,146,500","117,183,927",Commercial,"235,030"
1973,Pacific Coast,"1,272,902,500","215,777,748",Commercial,"577,385"
1973,South Atlantic,"240,164,800","57,286,781",Commercial,"108,938"
1974,Great Lakes,"1,153,917","420,747",Commercial,523
1974,Gulf,"1,775,800,000","242,225,945",Commercial,"805,498"
1974,Middle Atlantic,"808,237,700","101,609,044",Commercial,"366,614"
1974,New England,"522,491,700","124,334,408",Commercial,"237,001"
1974,Pacific Coast,"1,267,298,000","241,065,702",Commercial,"574,843"
1974,South Atlantic,"304,662,900","50,787,440",Commercial,"138,194"
1975,Great Lakes,"917,174","406,531",Commercial,416
1975,Gulf,"1,654,036,100","270,582,479",Commercial,"750,266"
1975,Middle Atlantic,"697,215,500","105,767,056",Commercial,"316,255"
1975,New England,"498,363,300","154,131,958",Commercial,"226,056"
1975,Pacific Coast,"1,450,422,400","227,604,330",Commercial,"657,907"
1975,South Atlantic,"333,073,100","63,575,362",Commercial,"151,081"
1976,Great Lakes,"890,846","527,788",Commercial,404
1976,Gulf,"1,742,620,920","386,432,819",Commercial,"790,448"
1976,Middle Atlantic,"855,775,000","142,991,964",Commercial,"388,177"
1976,New England,"547,480,100","174,138,203",Commercial,"248,335"
1976,Pacific Coast,"1,470,730,062","303,195,187",Commercial,"667,119"
1976,South Atlantic,"318,481,900","73,955,395",Commercial,"144,462"
1977,Great Lakes,"915,862","460,710",Commercial,415
1977,Gulf,"1,482,431,100","408,380,520",Commercial,"672,426"
1977,Middle Atlantic,"885,219,600","157,027,509",Commercial,"401,533"
1977,New England,"585,965,000","207,221,950",Commercial,"265,792"
1977,Pacific Coast,"1,395,733,524","327,533,981",Commercial,"633,101"
1977,South Atlantic,"346,863,800","71,242,500",Commercial,"157,336"
1978,Great Lakes,"823,482","464,305",Commercial,374
1978,Gulf,"2,234,812,529","484,771,571",Commercial,"1,013,704"
1978,Middle Atlantic,"801,660,800","174,804,738",Commercial,"363,631"
1978,New England,"663,316,100","262,121,925",Commercial,"300,878"
1978,Pacific Coast,"1,296,442,070","370,909,899",Commercial,"588,062"
1978,South Atlantic,"377,380,351","84,286,396",Commercial,"171,179"
1979,Great Lakes,"839,221","580,711",Commercial,381
1979,Gulf,"2,098,720,176","548,750,210",Commercial,"951,973"
1979,Middle Atlantic,"877,030,700","216,922,438",Commercial,"397,819"
1979,New England,"708,289,400","302,089,533",Commercial,"321,278"
1979,Pacific Coast,"1,412,682,005","409,202,666",Commercial,"640,788"
1979,South Atlantic,"489,645,790","146,645,143",Commercial,"222,102"
1980,Great Lakes,"924,288","442,959",Commercial,419
1980,Gulf,"1,936,940,173","507,750,184",Commercial,"878,590"
1980,Middle Atlantic,"968,023,800","231,417,424",Commercial,"439,093"
1980,New England,"794,219,100","344,452,351",Commercial,"360,255"
1980,Pacific Coast,"1,383,844,043","446,875,896",Commercial,"627,708"
1980,Pacific Coast,"55,456,504",,Recreational,"25,155"
1980,South Atlantic,"476,710,955","153,382,569",Commercial,"216,235"
1981,Great Lakes,"1,187,825","724,731",Commercial,539
1981,Gulf,"1,680,908,069","566,622,337",Commercial,"762,455"
1981,Gulf,"158,126,190",,Recreational,"71,726"
1981,Middle Atlantic,"834,186,600","217,587,884",Commercial,"378,385"
1981,Middle Atlantic,"192,141,963",,Recreational,"87,155"
1981,New England,"721,756,800","377,108,318",Commercial,"327,387"
1981,New England,"120,256,687",,Recreational,"54,548"
1981,Pacific Coast,"1,247,790,724","435,124,059",Commercial,"565,994"
1981,Pacific Coast,"44,613,548",,Recreational,"20,237"
1981,South Atlantic,"537,673,292","132,938,654",Commercial,"243,887"
1981,South Atlantic,"148,173,417",,Recreational,"67,211"
1982,Great Lakes,"1,188,712","698,700",Commercial,539
1982,Gulf,"2,298,388,755","623,903,999",Commercial,"1,042,542"
1982,Gulf,"201,002,937",,Recreational,"91,174"
1982,Middle Atlantic,"913,208,800","212,357,607",Commercial,"414,229"
1982,Middle Atlantic,"182,288,673",,Recreational,"82,686"
1982,New England,"711,792,400","396,617,483",Commercial,"322,867"
1982,New England,"110,467,903",,Recreational,"50,108"
1982,Pacific Coast,"1,183,664,337","386,810,308",Commercial,"536,907"
1982,Pacific Coast,"46,763,433",,Recreational,"21,212"
1982,South Atlantic,"430,861,081","169,303,289",Commercial,"195,437"
1982,South Atlantic,"142,014,316",,Recreational,"64,417"
1983,Great Lakes,"840,727","468,582",Commercial,381
1983,Gulf,"2,517,003,842","633,459,980",Commercial,"1,141,705"
1983,Gulf,"196,530,469",,Recreational,"89,146"
1983,Middle Atlantic,"971,221,800","230,896,670",Commercial,"440,543"
1983,Middle Atlantic,"225,426,580",,Recreational,"102,253"
1983,New England,"707,896,775","429,376,442",Commercial,"321,100"
1983,New England,"81,380,704",,Recreational,"36,914"
1983,Pacific Coast,"790,264,282","298,078,900",Commercial,"358,462"
1983,Pacific Coast,"36,297,864",,Recreational,"16,465"
1983,South Atlantic,"400,313,941","165,662,367",Commercial,"181,581"
1983,South Atlantic,"153,119,216",,Recreational,"69,454"
1984,Great Lakes,"935,449","549,712",Commercial,424
1984,Gulf,"2,634,960,276","663,383,112",Commercial,"1,195,210"
1984,Gulf,"228,650,173",,Recreational,"103,715"
1984,Middle Atlantic,"837,092,300","249,034,829",Commercial,"379,703"
1984,Middle Atlantic,"199,680,726",,Recreational,"90,575"
1984,New England,"717,930,679","450,513,533",Commercial,"325,651"
1984,New England,"70,985,155",,Recreational,"32,199"
1984,Pacific Coast,"786,096,411","286,529,380",Commercial,"356,571"
1984,Pacific Coast,"36,623,763",,Recreational,"16,612"
1984,South Atlantic,"409,952,372","152,357,910",Commercial,"185,953"
1984,South Atlantic,"135,873,180",,Recreational,"61,632"
1985,Great Lakes,"2,516,282","726,550",Commercial,"1,141"
1985,Gulf,"2,416,974,622","622,336,452",Commercial,"1,096,332"
1985,Gulf,"151,857,558",,Recreational,"68,882"
1985,Middle Atlantic,"986,102,288","238,016,931",Commercial,"447,293"
1985,Middle Atlantic,"171,320,947",,Recreational,"77,711"
1985,New England,"600,678,341","423,753,760",Commercial,"272,466"
1985,New England,"97,216,869",,Recreational,"44,097"
1985,Pacific Coast,"808,833,748","276,827,410",Commercial,"366,885"
1985,Pacific Coast,"33,852,129",,Recreational,"15,355"
1985,South Atlantic,"307,391,242","157,937,316",Commercial,"139,432"
1985,South Atlantic,"133,782,564",,Recreational,"60,683"
1986,Great Lakes,"1,108,554","419,876",Commercial,503
1986,Gulf,"2,366,908,923","807,085,983",Commercial,"1,073,623"
1986,Gulf,"196,786,439",,Recreational,"89,262"
1986,Middle Atlantic,"790,114,163","256,901,829",Commercial,"358,393"
1986,Middle Atlantic,"215,764,649",,Recreational,"97,870"
1986,New England,"553,975,753","448,052,138",Commercial,"251,282"
1986,New England,"115,741,751",,Recreational,"52,500"
1986,Pacific Coast,"805,140,721","326,418,894",Commercial,"365,209"
1986,Pacific Coast,"35,615,081",,Recreational,"16,155"
1986,South Atlantic,"253,896,590","157,586,562",Commercial,"115,167"
1986,South Atlantic,"136,975,380",,Recreational,"62,132"
1987,Great Lakes,"678,688","504,631",Commercial,308
1987,Gulf,"2,533,038,452","770,473,050",Commercial,"1,148,979"
1987,Gulf,"158,472,448",,Recreational,"71,883"
1987,Middle Atlantic,"955,999,657","290,221,792",Commercial,"433,639"
1987,Middle Atlantic,"283,452,760",,Recreational,"128,573"
1987,New England,"551,470,252","522,200,339",Commercial,"250,145"
1987,New England,"81,606,115",,Recreational,"37,016"
1987,Pacific Coast,"938,424,730","455,177,827",Commercial,"425,667"
1987,Pacific Coast,"38,331,513",,Recreational,"17,387"
1987,South Atlantic,"254,972,303","169,051,944",Commercial,"115,655"
1987,South Atlantic,"102,439,577",,Recreational,"46,466"
1988,Great Lakes,"790,730","394,190",Commercial,359
1988,Gulf,"1,904,394,128","714,252,198",Commercial,"863,828"
1988,Gulf,"54,985,533",,Recreational,"24,941"
1988,Middle Atlantic,"892,172,065","283,276,572",Commercial,"404,687"
1988,Middle Atlantic,"148,360,851",,Recreational,"67,296"
1988,New England,"571,319,030","499,953,611",Commercial,"259,149"
1988,New England,"67,671,854",,Recreational,"30,696"
1988,Pacific Coast,"1,000,028,395","459,833,877",Commercial,"453,610"
1988,Pacific Coast,"38,968,510",,Recreational,"17,676"
1988,South Atlantic,"289,791,691","188,195,958",Commercial,"131,449"
1988,South Atlantic,"43,110,161",,Recreational,"19,555"
1989,Great Lakes,"605,505","442,646",Commercial,275
1989,Gulf,"1,780,719,928","692,346,094",Commercial,"807,729"
1989,Gulf,"182,348,185",,Recreational,"82,713"
1989,Middle Atlantic,"964,265,151","294,339,778",Commercial,"437,388"
1989,Middle Atlantic,"166,838,453",,Recreational,"75,677"
1989,New England,"576,004,325","523,125,914",Commercial,"261,274"
1989,New England,"57,639,080",,Recreational,"26,145"
1989,Pacific Coast,"1,094,148,581","375,722,981",Commercial,"496,303"
1989,Pacific Coast,"27,039,136",,Recreational,"12,265"
1989,South Atlantic,"263,083,516","188,098,486",Commercial,"119,334"
1989,South Atlantic,"115,133,391",,Recreational,"52,224"
1990,Great Lakes,"625,953","483,789",Commercial,284
1990,Gulf,"1,659,732,834","667,346,642",Commercial,"752,850"
1990,Gulf,"163,296,835",,Recreational,"74,071"
1990,Middle Atlantic,"1,083,106,136","314,577,883",Commercial,"491,294"
1990,Middle Atlantic,"109,693,559",,Recreational,"49,757"
1990,New England,"668,427,208","557,736,020",Commercial,"303,197"
1990,New England,"48,336,583",,Recreational,"21,925"
1990,Pacific Coast,"978,660,257","356,162,959",Commercial,"443,917"
1990,Pacific Coast,"1,203,357",,Recreational,546
1990,South Atlantic,"270,678,135","179,312,780",Commercial,"122,779"
1990,South Atlantic,"100,802,055",,Recreational,"45,724"
1991,Great Lakes,"849,139","625,569",Commercial,385
1991,Gulf,"1,672,274,707","681,223,248",Commercial,"758,539"
1991,Gulf,"215,037,615",,Recreational,"97,540"
1991,Middle Atlantic,"1,005,602,651","297,835,926",Commercial,"456,138"
1991,Middle Atlantic,"126,450,523",,Recreational,"57,358"
1991,New England,"671,811,559","600,160,330",Commercial,"304,732"
1991,New England,"52,526,787",,Recreational,"23,826"
1991,Pacific Coast,"912,960,848","308,684,014",Commercial,"414,116"
1991,Pacific Coast,"1,039,255",,Recreational,471
1991,South Atlantic,"297,384,735","173,335,517",Commercial,"134,893"
1991,South Atlantic,"123,007,605",,Recreational,"55,796"
1992,Great Lakes,"382,015","265,794",Commercial,173
1992,Gulf,"1,426,004,731","655,640,926",Commercial,"646,832"
1992,Gulf,"154,439,900",,Recreational,"70,053"
1992,Middle Atlantic,"952,267,611","285,181,429",Commercial,"431,946"
1992,Middle Atlantic,"100,435,513",,Recreational,"45,557"
1992,New England,"655,650,423","613,894,603",Commercial,"297,401"
1992,New England,"44,740,806",,Recreational,"20,294"
1992,Pacific Coast,"855,290,915","311,767,244",Commercial,"387,957"
1992,Pacific Coast,"1,250,080",,Recreational,567
1992,South Atlantic,"242,891,987","155,811,519",Commercial,"110,175"
1992,South Atlantic,"115,716,487",,Recreational,"52,489"
1993,Great Lakes,"500,229","354,163",Commercial,227
1993,Gulf,"1,717,963,001","624,459,165",Commercial,"779,263"
1993,Gulf,"176,646,491",,Recreational,"80,126"
1993,Middle Atlantic,"1,082,108,787","330,451,207",Commercial,"490,841"
1993,Middle Atlantic,"90,497,093",,Recreational,"41,049"
1993,New England,"640,067,881","561,322,137",Commercial,"290,333"
1993,New England,"38,824,761",,Recreational,"17,611"
1993,Pacific Coast,"849,163,275","312,487,347",Commercial,"385,178"
1993,Pacific Coast,"1,338,104",,Recreational,607
1993,South Atlantic,"262,283,311","172,811,015",Commercial,"118,971"
1993,South Atlantic,"93,465,333",,Recreational,"42,396"
1994,Great Lakes,"663,516","586,863",Commercial,301
1994,Gulf,"2,161,422,246","790,219,742",Commercial,"980,415"
1994,Gulf,"151,803,640",,Recreational,"68,858"
1994,Middle Atlantic,"928,605,104","337,192,495",Commercial,"421,213"
1994,Middle Atlantic,"96,487,533",,Recreational,"43,766"
1994,New England,"553,657,525","551,816,834",Commercial,"251,137"
1994,New England,"42,340,721",,Recreational,"19,206"
1994,Pacific Coast,"856,161,516","345,151,981",Commercial,"388,352"
1994,Pacific Coast,"1,353,090",,Recreational,614
1994,South Atlantic,"286,562,918","220,193,377",Commercial,"129,984"
1994,South Atlantic,"101,529,720",,Recreational,"46,054"
1995,Great Lakes,"445,766","355,224",Commercial,202
1995,Gulf,"1,488,960,975","764,269,570",Commercial,"675,388"
1995,Gulf,"165,857,759",,Recreational,"75,233"
1995,Middle Atlantic,"1,095,992,289","361,851,387",Commercial,"497,139"
1995,Middle Atlantic,"111,431,166",,Recreational,"50,545"
1995,New England,"601,240,807","564,910,085",Commercial,"272,721"
1995,New England,"35,262,277",,Recreational,"15,995"
1995,Pacific Coast,"938,287,917","371,375,356",Commercial,"425,605"
1995,Pacific Coast,"1,034,575",,Recreational,469
1995,South Atlantic,"274,158,369","247,966,795",Commercial,"124,357"
1995,South Atlantic,"95,936,928",,Recreational,"43,517"
1996,Great Lakes,"110,417","86,578",Commercial,50
1996,Gulf,"1,519,937,850","714,870,658",Commercial,"689,439"
1996,Gulf,"157,625,100",,Recreational,"71,498"
1996,Middle Atlantic,"984,763,236","345,194,894",Commercial,"446,686"
1996,Middle Atlantic,"106,216,331",,Recreational,"48,179"
1996,New England,"650,434,568","570,835,473",Commercial,"295,035"
1996,New England,"30,309,543",,Recreational,"13,748"
1996,Pacific Coast,"965,430,453","393,997,477",Commercial,"437,916"
1996,Pacific Coast,"1,012,054",,Recreational,459
1996,South Atlantic,"271,349,897","213,841,056",Commercial,"123,084"
1996,South Atlantic,"84,755,043",,Recreational,"38,445"
1997,Great Lakes,"40,052","55,315",Commercial,18
1997,Gulf,"1,811,649,757","770,716,860",Commercial,"821,759"
1997,Gulf,"180,083,320",,Recreational,"81,685"
1997,Middle Atlantic,"905,486,275","358,236,236",Commercial,"410,726"
1997,Middle Atlantic,"123,387,151",,Recreational,"55,968"
1997,New England,"649,088,765","573,467,862",Commercial,"294,425"
1997,New England,"36,898,715",,Recreational,"16,737"
1997,Pacific Coast,"1,004,004,698","376,331,081",Commercial,"455,414"
1997,Pacific Coast,"1,129,028",,Recreational,512
1997,South Atlantic,"301,168,057","223,837,661",Commercial,"136,609"
1997,South Atlantic,"92,093,857",,Recreational,"41,773"
1998,Great Lakes,"34,268","45,136",Commercial,16
1998,Gulf,"1,576,300,733","786,449,596",Commercial,"715,005"
1998,Gulf,"161,970,102",,Recreational,"73,469"
1998,Middle Atlantic,"915,722,982","355,913,851",Commercial,"415,369"
1998,Middle Atlantic,"112,770,592",,Recreational,"51,152"
1998,New England,"603,560,218","540,453,707",Commercial,"273,773"
1998,New England,"33,728,786",,Recreational,"15,299"
1998,Pacific Coast,"653,537,355","270,364,411",Commercial,"296,443"
1998,Pacific Coast,"1,212,856",,Recreational,550
1998,South Atlantic,"240,991,054","198,067,441",Commercial,"109,313"
1998,South Atlantic,"91,253,715",,Recreational,"41,392"
1999,Great Lakes,"70,872","104,846",Commercial,32
1999,Gulf,"2,004,445,898","823,364,392",Commercial,"909,211"
1999,Gulf,"188,029,183",,Recreational,"85,289"
1999,Middle Atlantic,"753,181,222","350,619,940",Commercial,"341,641"
1999,Middle Atlantic,"106,926,549",,Recreational,"48,502"
1999,New England,"584,063,783","662,196,670",Commercial,"264,930"
1999,New England,"38,266,875",,Recreational,"17,358"
1999,Pacific Coast,"976,099,158","340,962,421",Commercial,"442,756"
1999,Pacific Coast,"781,977",,Recreational,355
1999,South Atlantic,"215,676,429","204,680,750",Commercial,"97,830"
1999,South Atlantic,"125,384,163",,Recreational,"56,874"
2000,Great Lakes,"96,938","157,010",Commercial,44
2000,Gulf,"1,795,395,790","997,270,263",Commercial,"814,386"
2000,Gulf,"181,865,048",,Recreational,"82,493"
2000,Middle Atlantic,"715,405,136","347,403,004",Commercial,"324,506"
2000,Middle Atlantic,"133,159,651",,Recreational,"60,401"
2000,New England,"576,194,048","688,501,385",Commercial,"261,360"
2000,New England,"48,679,595",,Recreational,"22,081"
2000,Pacific Coast,"1,026,881,288","359,225,974",Commercial,"465,790"
2000,Pacific Coast,"828,345",,Recreational,376
2000,South Atlantic,"221,638,632","220,094,673",Commercial,"100,535"
2000,South Atlantic,"127,117,536",,Recreational,"57,660"
2001,Great Lakes,"62,575","117,625",Commercial,28
2001,Gulf,"1,613,163,314","807,403,056",Commercial,"731,726"
2001,Gulf,"190,164,205",,Recreational,"86,258"
2001,Middle Atlantic,"835,471,349","348,300,485",Commercial,"378,967"
2001,Middle Atlantic,"124,330,390",,Recreational,"56,396"
2001,New England,"631,497,979","638,077,757",Commercial,"286,446"
2001,New England,"46,403,466",,Recreational,"21,048"
2001,Pacific Coast,"914,007,986","320,922,957",Commercial,"414,591"
2001,South Atlantic,"199,127,620","177,614,853",Commercial,"90,324"
2001,South Atlantic,"124,885,725",,Recreational,"56,648"
2002,Great Lakes,"56,209","73,321",Commercial,25
2002,Gulf,"1,728,898,619","681,646,425",Commercial,"784,223"
2002,Gulf,"175,740,875",,Recreational,"79,716"
2002,Middle Atlantic,"702,265,512","342,440,684",Commercial,"318,546"
2002,Middle Atlantic,"119,033,915",,Recreational,"53,993"
2002,New England,"589,024,867","696,501,697",Commercial,"267,180"
2002,New England,"48,419,554",,Recreational,"21,963"
2002,Pacific Coast,"882,703,009","323,935,320",Commercial,"400,391"
2002,South Atlantic,"216,041,785","170,667,823",Commercial,"97,996"
2002,South Atlantic,"116,527,846",,Recreational,"52,857"
2003,Great Lakes,"27,919","48,527",Commercial,13
2003,Gulf,"1,595,895,410","662,902,465",Commercial,"723,893"
2003,Gulf,"171,698,547",,Recreational,"77,882"
2003,Middle Atlantic,"710,759,432","357,221,030",Commercial,"322,398"
2003,Middle Atlantic,"143,202,880",,Recreational,"64,956"
2003,New England,"660,518,315","690,815,001",Commercial,"299,609"
2003,New England,"53,269,825",,Recreational,"24,163"
2003,Pacific Coast,"797,941,224","395,759,019",Commercial,"361,944"
2003,South Atlantic,"197,369,622","156,451,803",Commercial,"89,526"
2003,South Atlantic,"125,962,042",,Recreational,"57,136"
2004,Great Lakes,"61,739","90,046",Commercial,28
2004,Gulf,"1,452,121,853","641,809,626",Commercial,"658,678"
2004,Gulf,"178,682,719",,Recreational,"81,050"
2004,Middle Atlantic,"762,654,974","410,464,365",Commercial,"345,938"
2004,Middle Atlantic,"122,658,060",,Recreational,"55,637"
2004,New England,"731,962,598","833,589,639",Commercial,"332,016"
2004,New England,"50,153,428",,Recreational,"22,749"
2004,Pacific Coast,"1,064,379,133","402,114,048",Commercial,"482,799"
2004,Pacific Coast,"2,543,723",,Recreational,"1,154"
2004,South Atlantic,"200,434,134","162,150,225",Commercial,"90,916"
2004,South Atlantic,"125,257,637",,Recreational,"56,816"
2005,Great Lakes,"51,371","106,992",Commercial,23
2005,Gulf,"1,193,584,910","618,033,738",Commercial,"541,407"
2005,Gulf,"138,882,599",,Recreational,"62,997"
2005,Middle Atlantic,"709,968,541","450,274,355",Commercial,"322,040"
2005,Middle Atlantic,"124,455,120",,Recreational,"56,452"
2005,New England,"701,379,950","977,935,353",Commercial,"318,144"
2005,New England,"44,727,628",,Recreational,"20,288"
2005,Pacific Coast,"1,158,438,302","401,964,927",Commercial,"525,464"
2005,Pacific Coast,"12,299,205",,Recreational,"5,579"
2005,South Atlantic,"123,383,569","131,508,598",Commercial,"55,966"
2005,South Atlantic,"111,377,226",,Recreational,"50,520"
2006,Great Lakes,"61,794","145,929",Commercial,28
2006,Gulf,"1,416,966,099","682,268,830",Commercial,"642,732"
2006,Gulf,"136,590,199",,Recreational,"61,957"
2006,Middle Atlantic,"690,899,480","374,202,075",Commercial,"313,390"
2006,Middle Atlantic,"116,294,808",,Recreational,"52,751"
2006,New England,"748,782,901","1,132,896,386",Commercial,"339,646"
2006,New England,"46,943,831",,Recreational,"21,294"
2006,Pacific Coast,"1,191,799,814","456,721,563",Commercial,"540,597"
2006,Pacific Coast,"11,201,688",,Recreational,"5,081"
2006,South Atlantic,"114,549,226","140,442,311",Commercial,"51,959"
2006,South Atlantic,"116,956,989",,Recreational,"53,051"
2007,Great Lakes,"97,574","204,355",Commercial,44
2007,Gulf,"1,410,403,004","692,443,181",Commercial,"639,755"
2007,Gulf,"135,171,458",,Recreational,"61,313"
2007,Middle Atlantic,"749,617,295","421,089,703",Commercial,"340,024"
2007,Middle Atlantic,"119,585,655",,Recreational,"54,244"
2007,New England,"593,536,708","916,424,049",Commercial,"269,226"
2007,New England,"47,322,167",,Recreational,"21,465"
2007,Pacific Coast,"1,134,016,320","446,616,970",Commercial,"514,386"
2007,Pacific Coast,"9,999,316",,Recreational,"4,536"
2007,South Atlantic,"106,898,230","153,990,975",Commercial,"48,489"
2007,South Atlantic,"115,820,820",,Recreational,"52,536"
2008,Great Lakes,"75,330","168,463",Commercial,34
2008,Gulf,"1,294,855,864","674,241,337",Commercial,"587,343"
2008,Gulf,"151,955,724",,Recreational,"68,927"
2008,Middle Atlantic,"687,069,963","449,943,243",Commercial,"311,653"
2008,Middle Atlantic,"116,372,256",,Recreational,"52,786"
2008,New England,"623,122,876","865,505,602",Commercial,"282,647"
2008,New England,"53,458,805",,Recreational,"24,249"
2008,Pacific Coast,"1,104,334,302","490,177,866",Commercial,"500,923"
2008,Pacific Coast,"8,496,286",,Recreational,"3,854"
2008,South Atlantic,"118,676,693","167,560,730",Commercial,"53,831"
2008,South Atlantic,"113,926,777",,Recreational,"51,677"
2009,Great Lakes,"123,202","263,046",Commercial,56
2009,Gulf,"1,597,918,545","636,320,715",Commercial,"724,811"
2009,Gulf,"146,975,954",,Recreational,"66,668"
2009,Middle Atlantic,"698,883,310","439,344,356",Commercial,"317,011"
2009,Middle Atlantic,"126,265,799",,Recreational,"57,274"
2009,New England,"662,145,521","823,577,367",Commercial,"300,347"
2009,New England,"44,559,463",,Recreational,"20,212"
2009,Pacific Coast,"914,190,054","487,204,076",Commercial,"414,674"
2009,Pacific Coast,"9,326,578",,Recreational,"4,231"
2009,South Atlantic,"115,184,624","148,391,612",Commercial,"52,247"
2009,South Atlantic,"127,176,877",,Recreational,"57,687"
2010,Great Lakes,"122,322","297,640",Commercial,55
2010,Gulf,"1,276,068,040","604,310,342",Commercial,"578,821"
2010,Gulf,"154,571,018",,Recreational,"70,113"
2010,Middle Atlantic,"812,419,888","522,517,832",Commercial,"368,511"
2010,Middle Atlantic,"128,023,076",,Recreational,"58,071"
2010,New England,"606,714,972","1,036,025,676",Commercial,"275,204"
2010,New England,"70,582,205",,Recreational,"32,016"
2010,Pacific Coast,"1,091,254,866","562,770,959",Commercial,"494,990"
2010,Pacific Coast,"8,666,251",,Recreational,"3,931"
2010,South Atlantic,"121,766,872","167,738,821",Commercial,"55,233"
2010,South Atlantic,"109,989,013",,Recreational,"49,891"
2011,Great Lakes,"113,483","223,433",Commercial,51
2011,Gulf,"1,768,720,243","805,845,347",Commercial,"802,286"
2011,Gulf,"172,899,731",,Recreational,"78,427"
2011,Middle Atlantic,"798,969,282","554,146,858",Commercial,"362,410"
2011,Middle Atlantic,"102,756,480",,Recreational,"46,610"
2011,New England,"619,385,820","1,125,561,818",Commercial,"280,952"
2011,New England,"60,754,259",,Recreational,"27,558"
2011,Pacific Coast,"1,190,547,638","716,046,516",Commercial,"540,029"
2011,Pacific Coast,"9,065,964",,Recreational,"4,112"
2011,South Atlantic,"126,566,326","174,977,876",Commercial,"57,410"
2011,South Atlantic,"111,435,882",,Recreational,"50,547"
2012,Great Lakes,"117,527","249,007",Commercial,53
2012,Gulf,"1,669,006,559","781,453,404",Commercial,"757,056"
2012,Gulf,"187,025,746",,Recreational,"84,834"
2012,Middle Atlantic,"762,667,623","510,012,290",Commercial,"345,944"
2012,Middle Atlantic,"113,644,892",,Recreational,"51,549"
2012,New England,"690,955,805","1,271,514,648",Commercial,"313,415"
2012,New England,"60,001,207",,Recreational,"27,216"
2012,Pacific Coast,"1,086,151,456","685,739,431",Commercial,"492,675"
2012,Pacific Coast,"11,097,889",,Recreational,"5,034"
2012,South Atlantic,"111,571,816","176,969,300",Commercial,"50,609"
2012,South Atlantic,"91,492,110",,Recreational,"41,501"
2013,Great Lakes,"65,251","150,074",Commercial,30
2013,Gulf,"1,351,757,697","930,694,192",Commercial,"613,153"
2013,Gulf,"206,068,965",,Recreational,"93,472"
2013,Middle Atlantic,"587,009,315","440,210,886",Commercial,"266,266"
2013,Middle Atlantic,"130,484,599",,Recreational,"59,187"
2013,New England,"634,393,633","1,162,418,951",Commercial,"287,759"
2013,New England,"67,693,054",,Recreational,"30,705"
2013,Pacific Coast,"1,268,574,867","816,082,888",Commercial,"575,422"
2013,Pacific Coast,"11,276,485",,Recreational,"5,115"
2013,South Atlantic,"103,349,530","167,466,619",Commercial,"46,879"
2013,South Atlantic,"107,960,381",,Recreational,"48,971"
2014,Great Lakes,"92,851","224,400",Commercial,42
2014,Gulf,"1,243,723,584","1,057,432,674",Commercial,"564,149"
2014,Gulf,"114,064,337",,Recreational,"51,739"
2014,Middle Atlantic,"595,628,528","478,360,510",Commercial,"270,175"
2014,Middle Atlantic,"125,897,789",,Recreational,"57,107"
2014,New England,"659,442,943","1,243,096,357",Commercial,"299,121"
2014,New England,"52,285,510",,Recreational,"23,717"
2014,Pacific Coast,"1,217,354,822","759,553,643",Commercial,"552,189"
2014,Pacific Coast,"12,159,178",,Recreational,"5,515"
2014,South Atlantic,"115,277,179","193,529,190",Commercial,"52,289"
2014,South Atlantic,"119,995,906",,Recreational,"54,430"
2015,Great Lakes,"166,854","262,757",Commercial,76
2015,Gulf,"1,553,292,149","853,706,070",Commercial,"704,569"
2015,Gulf,"122,233,847",,Recreational,"55,445"
2015,Middle Atlantic,"644,393,395","527,729,853",Commercial,"292,295"
2015,Middle Atlantic,"132,534,476",,Recreational,"60,117"
2015,New England,"608,235,132","1,278,116,765",Commercial,"275,894"
2015,New England,"46,933,554",,Recreational,"21,289"
2015,Pacific Coast,"761,996,821","595,036,224",Commercial,"345,639"
2015,Pacific Coast,"15,056,251",,Recreational,"6,829"
2015,South Atlantic,"115,578,135","201,201,514",Commercial,"52,426"
2015,South Atlantic,"109,271,284",,Recreational,"49,565"
2016,Great Lakes,"149,833","422,845",Commercial,68
2016,Gulf,"1,737,121,436","890,086,294",Commercial,"787,953"
2016,Gulf,"122,480,772",,Recreational,"55,557"
2016,Middle Atlantic,"589,320,526","550,650,013",Commercial,"267,314"
2016,Middle Atlantic,"118,962,229",,Recreational,"53,961"
2016,New England,"624,113,587","1,431,099,813",Commercial,"283,096"
2016,New England,"41,380,456",,Recreational,"18,770"
2016,Pacific Coast,"958,343,318","728,493,783",Commercial,"434,702"
2016,Pacific Coast,"11,776,389",,Recreational,"5,342"
2016,South Atlantic,"106,885,656","190,483,241",Commercial,"48,483"
2016,South Atlantic,"119,866,367",,Recreational,"54,371"
2017,Great Lakes,"146,919","395,388",Commercial,67
2017,Gulf,"1,401,487,200","872,814,049",Commercial,"635,710"
2017,Gulf,"132,545,635",,Recreational,"60,122"
2017,Middle Atlantic,"617,702,824","510,747,958",Commercial,"280,188"
2017,Middle Atlantic,"129,115,286",,Recreational,"58,566"
2017,New England,"578,687,419","1,334,203,066",Commercial,"262,491"
2017,New England,"45,634,128",,Recreational,"20,700"
2017,Pacific Coast,"1,187,652,934","745,567,599",Commercial,"538,716"
2017,Pacific Coast,"11,661,527",,Recreational,"5,290"
2017,South Atlantic,"111,091,646","204,184,399",Commercial,"50,391"
2017,South Atlantic,"116,013,101",,Recreational,"52,623"
2018,Great Lakes,"124,832","345,218",Commercial,57
2018,Gulf,"1,543,096,907","890,570,943",Commercial,"699,944"
2018,Gulf,"108,854,757",,Recreational,"49,376"
2018,Middle Atlantic,"629,586,129","478,004,999",Commercial,"285,578"
2018,Middle Atlantic,"68,620,974",,Recreational,"31,126"
2018,New England,"596,323,140","1,454,536,080",Commercial,"270,490"
2018,New England,"33,555,265",,Recreational,"15,221"
2018,Pacific Coast,"1,100,037,258","739,866,083",Commercial,"498,974"
2018,Pacific Coast,"10,113,794",,Recreational,"4,588"
2018,South Atlantic,"97,383,255","175,871,652",Commercial,"44,173"
2018,South Atlantic,"104,897,209",,Recreational,"47,581"
2019,Gulf,"1,413,233,311","828,661,768",Commercial,"641,038"
2019,Gulf,"105,084,987",,Recreational,"47,666"
2019,Middle Atlantic,"644,729,191","498,274,381",Commercial,"292,447"
2019,Middle Atlantic,"84,064,014",,Recreational,"38,131"
2019,New England,"516,272,289","1,505,481,684",Commercial,"234,180"
2019,New England,"37,904,450",,Recreational,"17,193"
2019,Pacific Coast,"1,006,685,760","653,664,329",Commercial,"456,630"
2019,Pacific Coast,"12,487,426",,Recreational,"5,664"
2019,South Atlantic,"118,414,009","201,785,118",Commercial,"53,712"
2019,South Atlantic,"93,768,508",,Recreational,"42,533"
2020,Gulf,"1,221,202,045","755,192,396",Commercial,"553,934"
2020,Gulf,"94,844,497",,Recreational,"43,021"
2020,Middle Atlantic,"559,394,206","536,136,210",Commercial,"253,740"
2020,Middle Atlantic,"96,427,431",,Recreational,"43,739"
2020,New England,"484,946,511","1,210,202,839",Commercial,"219,970"
2020,New England,"27,723,810",,Recreational,"12,575"
2020,Pacific Coast,"936,365,341","558,585,585",Commercial,"424,733"
2020,Pacific Coast,"7,885,541",,Recreational,"3,577"
2020,South Atlantic,"103,517,694","184,165,549",Commercial,"46,955"
2020,South Atlantic,"108,860,829",,Recreational,"49,379"
2021,Gulf,"1,144,087,408","923,052,614",Commercial,"518,955"
2021,Gulf,"87,878,600",,Recreational,"39,861"
2021,Middle Atlantic,"568,489,540","509,688,272",Commercial,"257,865"
2021,Middle Atlantic,"86,376,786",,Recreational,"39,180"
2021,New England,"501,092,658","1,954,779,980",Commercial,"227,294"
2021,New England,"37,452,684",,Recreational,"16,988"
2021,Pacific Coast,"964,894,465","745,675,541",Commercial,"437,673"
2021,Pacific Coast,"9,439,939",,Recreational,"4,282"
2021,South Atlantic,"96,338,405","207,487,307",Commercial,"43,699"
2021,South Atlantic,"91,873,345",,Recreational,"41,673"
2022,Gulf,"1,380,260,818","908,859,035",Commercial,"626,082"
2022,Gulf,"108,523,176",,Recreational,"49,226"
2022,Middle Atlantic,"506,983,494","415,114,666",Commercial,"229,966"
2022,Middle Atlantic,"97,989,499",,Recreational,"44,448"
2022,New England,"428,311,213","1,415,965,517",Commercial,"194,281"
2022,New England,"39,939,355",,Recreational,"18,116"
2022,Pacific Coast,"1,042,837,471","718,870,885",Commercial,"473,028"
2022,Pacific Coast,"10,144,201",,Recreational,"4,601"
2022,South Atlantic,"91,195,626","174,112,555",Commercial,"41,366"
2022,South Atlantic,"95,223,666",,Recreational,"43,193"
2023,Gulf,"1,265,843,426","795,392,054",Commercial,"574,183"
2023,Gulf,"97,832,756",,Recreational,"44,377"
2023,Middle Atlantic,"538,074,707","420,482,943",Commercial,"244,069"
2023,Middle Atlantic,"90,865,773",,Recreational,"41,216"
2023,New England,"415,766,075","1,352,055,242",Commercial,"188,590"
2023,New England,"36,994,233",,Recreational,"16,780"
2023,Pacific Coast,"867,444,175","642,881,372",Commercial,"393,470"
2023,Pacific Coast,"10,585,612",,Recreational,"4,802"
2023,South Atlantic,"97,838,011","172,085,568",Commercial,"44,379"
2023,South Atlantic,"89,634,158",,Recreational,"40,658"
2024,Gulf,"1,075,530,806","719,359,400",Commercial,"487,858"
2024,Gulf,"91,910,410",,Recreational,"41,690"
2024,Middle Atlantic,"561,885,311","453,973,277",Commercial,"254,870"
2024,Middle Atlantic,"71,071,907",,Recreational,"32,238"
2024,New England,"397,077,385","1,391,340,221",Commercial,"180,113"
2024,New England,"27,573,572",,Recreational,"12,507"
2024,Pacific Coast,"761,093,869","652,367,073",Commercial,"345,230"
2024,Pacific Coast,"9,966,786",,Recreational,"4,521"
2024,South Atlantic,"106,675,425","198,775,842",Commercial,"48,388"
2024,South Atlantic,"90,904,296",,Recreational,"41,234"
